Communication Method,Scatter/Send,Gather/Receive,Iterations,Vector Size,Processes
BLOCKING SCATTER,0.00334631,0.00621361,100,1000,4
BLOCKING SCATTER,0.00129254,0.00834827,100,1000,2
BLOCKING SCATTER,0.00937263,0.0166401,100,1000,10
BLOCKING SCATTER,0.0511789,0.0144197,10000,10000,10
BLOCKING SCATTER,0.246026,0.111735,10000,100000,15
BLOCKING SCATTER,1.37501,1.12074,10000,1000000,8
