Communication Method,Scatter/Send,Gather/Receive,Iterations,Vector Size,Processes
BLOCKING SENDRECV,0.00398718,0.00833745,100,1000,2
BLOCKING SENDRECV,0.0122227,0.00400921,100,1000,4
BLOCKING SENDRECV,1.93713,1.07215,10000,1000000,8

BLOCKING SENDRECV,0.0657429,0.0138941,10000,10000,10
BLOCKING SENDRECV,0.270085,0.11043,10000,100000,15
