Communication Method,Scatter/Send,Gather/Receive,Iterations,Vector Size,Processes
BLOCKING SCATTER,0.00547256,0.0262246,10000,10,15
BLOCKING SCATTER,0.00867696,0.0370746,10000,100,15
BLOCKING SCATTER,0.00862047,0.0359467,10000,1000,15
BLOCKING SCATTER,0.0238149,0.0202022,10000,10000,15
BLOCKING SCATTER,0.298996,0.111123,10000,100000,15
BLOCKING SCATTER,1.45647,0.75193,10000,1000000,15