Communication Method,Scatter/Send,Gather/Receive,Iterations,Vector Size,Processes
BLOCKING SENDRECV,0.0370288,0.00525918,10000,10,15
BLOCKING SENDRECV,0.0416557,0.00561069,10000,100,15
BLOCKING SENDRECV,0.0427373,0.00572452,10000,1000,15
BLOCKING SENDRECV,0.0562617,0.00961249,10000,10000,15
BLOCKING SENDRECV,0.330053,0.111772,10000,100000,15
BLOCKING SENDRECV,1.44692,0.758382,10000,1000000,15
