Communication Method,Scatter/Send,Gather/Receive,Iterations,Vector Size,Processes
BLOCKING SEND/RECV,0.0557677,0.00830021,10000,10,15
BLOCKING SEND/RECV,0.0579828,0.00943377,10000,100,15
BLOCKING SEND/RECV,0.0515631,0.0102968,10000,1000,15
BLOCKING SEND/RECV,0.0556756,0.0154929,10000,10000,15
BLOCKING SEND/RECV,0.154376,0.0711383,10000,100000,15
BLOCKING SEND/RECV,8.11814,2.24468,10000,1000000,15
