Communication Method,Scatter/Send,Gather/Receive,Iterations,Vector Size,Processes
BLOCKING SEND/RECV,0.00884409,0.00486495,100,1000,4
BLOCKING SEND/RECV,0.00302328,0.00918082,100,1000,2
BLOCKING SEND/RECV,0.032734,0.00834166,100,1000,10
BLOCKING SEND/RECV,0.0428358,0.0127132,10000,10000,10
BLOCKING SEND/RECV,0.149379,0.0730476,10000,100000,15
BLOCKING SEND/RECV,1.32494,1.3224,10000,1000000,8
