Communication Method,Scatter/Send,Gather/Receive,Iterations,Vector Size,Processes
ONE SIDED MASTER,0.0135986,0.0110628,10000,10,15
ONE SIDED MASTER,0.0157292,0.0118496,10000,100,15
ONE SIDED MASTER,0.0154868,0.0128054,10000,1000,15
ONE SIDED MASTER,0.0234394,0.0244025,10000,10000,15
ONE SIDED MASTER,0.113752,0.115224,10000,100000,15
ONE SIDED MASTER,1.15926,1.0431,10000,1000000,15
