Communication Method,Scatter/Send,Gather/Receive,Iterations,Vector Size,Processes
ONE SIDED,0.136143,0.0193868,100,1000,4
ONE SIDED,0.0997166,0.00775874,100,1000,3
ONE SIDED,0.275022,0.016448,100,1000,10
ONE SIDED,0.15003,0.0881901,10000,10000,10
ONE SIDED,3.01471,1.05834,10000,100000,15
ONE SIDED,12.3078,8.8221,10000,1000000,8
