Communication Method,Scatter/Send,Gather/Receive,Iterations,Vector Size,Processes
ONE SIDED WORKER,0.0108895,0.00513807,10000,10,15
ONE SIDED WORKER,0.0117857,0.00503044,10000,100,15
ONE SIDED WORKER,0.0108513,0.00535392,10000,1000,15
ONE SIDED WORKER,0.0132842,0.00579683,10000,10000,15
ONE SIDED WORKER,0.0198996,0.00674641,10000,100000,15
ONE SIDED WORKER,0.115923,0.0251757,10000,1000000,15