Communication Method,Scatter/Send,Gather/Receive,Iterations,Vector Size,Processes
NONBLOCKING SEND/RECV,0.00735041,0.0265627,10000,10,15
NONBLOCKING SEND/RECV,0.00843606,0.0248459,10000,100,15
NONBLOCKING SEND/RECV,0.00938288,0.023795,10000,1000,15
NONBLOCKING SEND/RECV,0.0194363,0.0156313,10000,10000,15
NONBLOCKING SEND/RECV,0.264763,0.114997,10000,100000,15
NONBLOCKING SEND/RECV,1.4319,0.705898,10000,1000000,15